City,Lat,Lng,Max Temp,Humidity,Cloudiness,Wind Speed,Country,Date
Navoiy,40.0844,65.3792,26.6,86,0,6.91,UZ,2021-01-27 19:12:33
Kaitangata,-46.2817,169.8464,54.0,70,91,8.01,NZ,2021-01-27 19:12:33
Saint-Leu,-21.15,55.2833,78.01,60,2,5.17,RE,2021-01-27 19:12:33
Bredasdorp,-34.5322,20.0403,48.2,81,3,2.35,ZA,2021-01-27 19:12:34
Ushuaia,-54.8,-68.3,39.2,81,75,10.36,AR,2021-01-27 19:08:43
Portland,45.5234,-122.6762,42.01,91,87,4.88,US,2021-01-27 18:58:18
Sembakung,3.8167,117.25,82.4,83,75,3.44,ID,2021-01-27 19:12:34
Bluff,-46.6,168.3333,53.01,68,91,21.0,NZ,2021-01-27 19:12:34
Mahébourg,-20.4081,57.7,73.4,88,40,6.91,MU,2021-01-27 19:07:38
Dikson,73.5069,80.5464,-25.94,84,100,9.66,RU,2021-01-27 19:12:35
Sur,22.5667,59.5289,66.99,70,0,11.56,OM,2021-01-27 19:12:35
Tasiilaq,65.6145,-37.6368,23.0,42,90,17.27,GL,2021-01-27 19:12:35
Port-Cartier,50.0334,-66.8654,17.6,62,6,5.75,CA,2021-01-27 19:12:26
Vaini,-21.2,-175.2,73.4,83,90,4.61,TO,2021-01-27 19:12:36
Omboué,-1.5746,9.2618,73.9,93,100,3.47,GA,2021-01-27 19:12:36
Albany,42.6001,-73.9662,28.0,63,96,1.99,US,2021-01-27 19:12:36
Jamestown,42.097,-79.2353,21.99,86,90,3.83,US,2021-01-27 19:09:41
Hobart,-42.8794,147.3294,70.0,45,40,6.91,AU,2021-01-27 19:12:04
Poum,-20.2333,164.0167,80.29,77,87,10.47,NC,2021-01-27 19:12:36
Rikitea,-23.1203,-134.9692,79.61,73,100,10.29,PF,2021-01-27 19:12:37
Kapaa,22.0752,-159.319,75.2,78,75,21.85,US,2021-01-27 19:12:37
Quatre Cocos,-20.2078,57.7625,79.0,88,20,2.3,MU,2021-01-27 19:12:37
Tiksi,71.6872,128.8694,-34.78,75,100,2.04,RU,2021-01-27 19:12:37
Mataura,-46.1927,168.8643,53.01,68,88,21.0,NZ,2021-01-27 19:12:38
George Town,5.4112,100.3354,84.2,78,20,3.44,MY,2021-01-27 19:11:05
Hermanus,-34.4187,19.2345,52.0,91,14,6.64,ZA,2021-01-27 19:12:38
Nador,35.174,-2.9287,55.4,88,0,2.39,MA,2021-01-27 19:12:38
Verkhneyarkeyevo,55.4505,54.3145,20.88,94,100,13.82,RU,2021-01-27 19:12:38
Punta Arenas,-53.15,-70.9167,42.8,81,90,16.11,CL,2021-01-27 19:09:16
Yellowknife,62.456,-114.3525,-11.0,77,90,4.61,CA,2021-01-27 19:12:39
Kumul,42.8,93.45,24.62,77,0,2.8,CN,2021-01-27 19:12:39
Båtsfjord,70.6345,29.7185,22.41,93,100,17.76,NO,2021-01-27 19:12:39
Souillac,-20.5167,57.5167,75.2,88,20,2.3,MU,2021-01-27 19:12:40
Hilo,19.7297,-155.09,75.2,69,90,11.5,US,2021-01-27 19:12:03
Adelanto,34.5828,-117.4092,44.01,54,1,8.01,US,2021-01-27 19:12:40
Kailua,21.4022,-157.7394,78.8,69,90,14.97,US,2021-01-27 19:12:02
Torbay,47.6666,-52.7314,27.0,86,90,6.91,CA,2021-01-27 19:12:40
Fairbanks,64.8378,-147.7164,-16.6,76,1,2.89,US,2021-01-27 19:12:41
Grand Gaube,-20.0064,57.6608,79.0,80,39,3.0,MU,2021-01-27 19:12:41
Bengkulu,-3.8004,102.2655,77.31,87,100,0.43,ID,2021-01-27 19:12:10
Mareeba,-17.0,145.4333,78.8,89,75,4.61,AU,2021-01-27 19:12:41
Hamilton,39.1834,-84.5333,27.0,86,90,11.5,US,2021-01-27 19:12:41
Odienné,9.51,-7.5692,66.92,26,0,2.21,CI,2021-01-27 19:12:42
Ilulissat,69.2167,-51.1,-0.4,60,0,5.75,GL,2021-01-27 19:12:42
Cape Town,-33.9258,18.4232,64.0,82,0,10.36,ZA,2021-01-27 19:11:53
Kalengwa,-13.4659,25.0027,62.92,97,100,3.29,ZM,2021-01-27 19:12:42
Safi,32.2994,-9.2372,62.1,84,0,11.36,MA,2021-01-27 19:12:43
Atuona,-9.8,-139.0333,78.64,79,1,15.52,PF,2021-01-27 19:12:43
Khatanga,71.9667,102.5,-32.15,79,0,6.69,RU,2021-01-27 19:12:43
Longyearbyen,78.2186,15.6401,1.4,60,20,18.41,SJ,2021-01-27 19:12:43
Katsuura,35.1333,140.3,48.2,81,75,11.5,JP,2021-01-27 19:12:13
New Norfolk,-42.7826,147.0587,70.0,36,0,1.99,AU,2021-01-27 19:03:00
Constitución,-35.3333,-72.4167,55.45,83,97,11.74,CL,2021-01-27 19:12:44
Codrington,-38.2667,141.9667,80.89,48,99,12.91,AU,2021-01-27 19:12:44
Kjøllefjord,70.9457,27.3465,23.22,93,100,17.25,NO,2021-01-27 19:12:44
North Bend,43.4065,-124.2243,45.0,95,64,8.01,US,2021-01-27 19:12:45
Denpasar,-8.65,115.2167,86.0,74,40,12.66,ID,2021-01-27 19:07:58
Ribeira Grande,38.5167,-28.7,60.98,80,48,18.16,PT,2021-01-27 19:12:45
Bambanglipuro,-7.95,110.2833,83.16,73,93,9.91,ID,2021-01-27 19:12:45
Llanes,43.4198,-4.7549,57.99,75,65,4.59,ES,2021-01-27 19:12:45
Ketchikan,55.3422,-131.6461,30.2,64,1,10.36,US,2021-01-27 19:12:46
Coahuayana Viejo,18.7333,-103.6833,74.64,86,56,0.76,MX,2021-01-27 19:12:46
Kolno,53.4115,21.9291,30.2,86,90,4.61,PL,2021-01-27 19:12:46
Saint Paul Harbor,57.79,-152.4072,33.8,80,90,5.79,US,2021-01-27 19:12:46
Shiyan,32.6475,110.7781,46.99,53,95,2.42,CN,2021-01-27 19:12:47
Foumbot,5.5079,10.6356,62.26,78,100,3.98,CM,2021-01-27 19:12:47
Soyo,-6.1349,12.3689,79.05,82,100,1.97,AO,2021-01-27 19:12:47
Ust-Maya,60.4167,134.5333,-39.01,75,100,2.75,RU,2021-01-27 19:12:48
Agirish,61.9247,63.0231,14.67,97,100,2.3,RU,2021-01-27 19:12:48
Norman Wells,65.282,-126.8329,-22.0,76,40,4.61,CA,2021-01-27 19:12:49
Castro,-24.7911,-50.0119,66.72,90,100,3.98,BR,2021-01-27 19:12:49
Nadym,65.5333,72.5167,-31.83,81,100,11.16,RU,2021-01-27 19:12:49
Grindavik,63.8424,-22.4338,28.4,69,0,17.27,IS,2021-01-27 19:12:49
Batemans Bay,-35.7167,150.1833,66.99,75,100,7.94,AU,2021-01-27 19:12:50
Qaanaaq,77.484,-69.3632,-14.94,65,0,8.1,GL,2021-01-27 19:12:50
Maragogi,-9.0122,-35.2225,76.57,83,31,6.55,BR,2021-01-27 19:12:50
Nikolskoye,59.7035,30.7861,33.01,93,75,2.24,RU,2021-01-27 19:12:50
Markova,48.6758,24.4138,22.8,95,100,6.87,UA,2021-01-27 19:12:50
Bulawayo,-20.15,28.5833,62.74,96,100,4.61,ZW,2021-01-27 19:12:51
São Pedro do Sul,-29.6206,-54.1789,69.8,100,75,5.75,BR,2021-01-27 19:12:51
Kavieng,-2.5744,150.7967,85.23,73,100,10.6,PG,2021-01-27 19:12:51
Akranes,64.3218,-22.0749,28.4,64,0,14.97,IS,2021-01-27 19:12:51
College,64.8569,-147.8028,-16.6,76,20,3.27,US,2021-01-27 19:12:51
Iwanai,42.9744,140.5089,27.32,87,95,1.88,JP,2021-01-27 19:12:52
St. George's,12.0564,-61.7485,78.8,78,20,13.8,GD,2021-01-27 19:12:52
Buta,2.7858,24.73,70.18,97,99,2.39,CD,2021-01-27 19:12:52
Ostrovnoy,68.0531,39.5131,11.61,94,100,20.49,RU,2021-01-27 19:12:52
Bethel,41.3712,-73.414,28.4,69,90,9.22,US,2021-01-27 19:12:52
Rurrenabaque,-14.4413,-67.5278,73.11,93,100,1.59,BO,2021-01-27 19:12:53
Pangkalanbuun,-2.6833,111.6167,80.19,77,100,4.61,ID,2021-01-27 19:12:53
Airai,-8.9266,125.4092,67.6,97,100,5.41,TL,2021-01-27 19:12:53
Provideniya,64.3833,-173.3,10.4,85,90,33.55,RU,2021-01-27 19:12:54
Adrar,20.5022,-10.0711,62.37,29,0,10.16,MR,2021-01-27 19:12:54
Aklavik,68.2191,-135.0107,-20.2,76,20,5.75,CA,2021-01-27 19:12:54
Busselton,-33.65,115.3333,73.99,49,29,4.0,AU,2021-01-27 19:12:54
Provincie Utrecht,52.0,5.25,43.0,97,100,4.21,NL,2021-01-27 19:12:05
Tarakan,3.3,117.6333,82.4,83,75,3.44,ID,2021-01-27 19:12:55
Carnarvon,-24.8667,113.6333,82.4,47,0,19.57,AU,2021-01-27 19:11:09
Muncar,-8.4333,114.3333,86.0,64,64,3.89,ID,2021-01-27 19:12:55
Honggang,46.4667,124.8667,-3.41,79,0,12.71,CN,2021-01-27 19:12:55
Pisco,-13.7,-76.2167,70.0,73,0,9.22,PE,2021-01-27 19:12:55
Marabu,4.4148,114.0089,78.8,94,40,5.75,MY,2021-01-27 19:12:56
Taoudenni,22.6783,-3.9836,65.01,39,0,14.83,ML,2021-01-27 19:12:34
Vredendal,-31.6683,18.5012,55.31,81,0,2.77,ZA,2021-01-27 19:12:56
Vestmannaeyjar,63.4427,-20.2734,33.06,88,67,20.56,IS,2021-01-27 19:09:54
Port Elizabeth,-33.918,25.5701,57.2,88,0,4.61,ZA,2021-01-27 19:12:06
Turukhansk,65.8167,87.9833,-37.44,75,10,6.15,RU,2021-01-27 19:12:57
Bonavista,48.6499,-53.1147,26.01,93,83,8.05,CA,2021-01-27 19:12:57
Saskylakh,71.9167,114.0833,-42.65,80,97,2.84,RU,2021-01-27 19:12:57
Cidreira,-30.1811,-50.2056,73.78,93,78,8.34,BR,2021-01-27 19:12:57
Puerto Ayora,-0.7393,-90.3518,78.01,93,12,5.99,EC,2021-01-27 19:12:58
Carauari,-4.8828,-66.8958,74.5,94,99,0.85,BR,2021-01-27 19:12:58
Marsh Harbour,26.5412,-77.0636,74.64,82,5,10.11,BS,2021-01-27 19:12:58
Narsaq,60.9167,-46.05,39.2,33,75,19.57,GL,2021-01-27 19:12:58
Santiago del Estero,-27.7951,-64.2615,79.63,51,63,9.82,AR,2021-01-27 19:12:58
Tibati,6.4667,12.6333,64.08,30,80,2.8,CM,2021-01-27 19:11:11
Algiers,36.7525,3.042,53.6,94,20,4.61,DZ,2021-01-27 19:12:39
Skibbereen,51.55,-9.2667,51.8,87,75,16.11,IE,2021-01-27 19:12:14
Ifakara,-8.1333,36.6833,71.55,91,60,1.74,TZ,2021-01-27 19:12:59
Alyangula,-13.8483,136.4192,87.8,74,75,8.05,AU,2021-01-27 19:12:59
Kiama,-34.6833,150.8667,73.99,67,98,1.99,AU,2021-01-27 19:13:00
Dekar,-21.5333,21.9333,70.11,77,100,3.96,BW,2021-01-27 19:11:12
Dobele,56.625,23.2786,30.2,93,90,3.44,LV,2021-01-27 19:13:00
Māndal,25.45,74.5667,51.91,45,0,3.85,IN,2021-01-27 19:13:00
Bambous Virieux,-20.3428,57.7575,79.0,88,20,2.3,MU,2021-01-27 19:13:00
Hambantota,6.1241,81.1185,73.4,94,40,4.61,LK,2021-01-27 19:12:17
Fougamou,-1.2154,10.5838,71.94,94,99,1.21,GA,2021-01-27 19:13:01
Nome,64.5011,-165.4064,12.2,62,1,6.91,US,2021-01-27 19:13:01
Hithadhoo,-0.6,73.0833,81.82,78,98,17.29,MV,2021-01-27 19:13:01
La Reforma,25.0833,-108.05,60.01,73,100,3.0,MX,2021-01-27 19:13:01
Coronado,32.6859,-117.1831,55.4,66,40,3.98,US,2021-01-27 19:13:02
Cabo San Lucas,22.8909,-109.9124,62.6,77,1,3.44,MX,2021-01-27 19:11:58
Madison,34.7334,-86.5667,39.2,81,90,19.57,US,2021-01-27 19:08:27
San Vicente,-26.6167,-54.1333,68.02,100,88,6.26,AR,2021-01-27 19:13:02
Nago,26.5881,127.9761,66.2,59,75,17.27,JP,2021-01-27 19:13:03
Mariehamn,60.0973,19.9348,28.4,93,90,3.44,AX,2021-01-27 19:13:03
George Town,5.4112,100.3354,84.2,78,20,3.44,MY,2021-01-27 19:08:19
Srednekolymsk,67.45,153.6833,-24.36,85,100,11.48,RU,2021-01-27 19:12:13
Buraidah,26.326,43.975,57.2,47,0,8.05,SA,2021-01-27 19:13:04
Caledon,-34.23,19.4265,52.0,91,0,3.11,ZA,2021-01-27 19:13:04
Karratha,-20.7377,116.8463,104.13,12,0,14.65,AU,2021-01-27 19:12:34
Ngunguru,-35.6167,174.5,72.3,69,29,3.6,NZ,2021-01-27 19:13:04
Oodweyne,9.4092,45.064,59.34,52,0,3.27,SO,2021-01-27 19:13:04
Cherskiy,68.75,161.3,-25.19,85,100,5.55,RU,2021-01-27 19:12:04
Alice Springs,-23.7,133.8833,93.99,45,0,6.91,AU,2021-01-27 19:13:05
Ancud,-41.8697,-73.8203,54.0,93,20,2.3,CL,2021-01-27 19:11:55
Butaritari,3.0707,172.7902,81.14,79,92,16.33,KI,2021-01-27 19:13:05
Berdigestyakh,62.0989,126.6992,-42.3,79,100,1.32,RU,2021-01-27 19:13:05
Natal,-5.795,-35.2094,80.6,78,75,13.8,BR,2021-01-27 19:11:42
Lata,40.1629,-8.3327,57.0,100,95,1.68,PT,2021-01-27 19:13:06
Kahului,20.8947,-156.47,77.0,61,40,24.16,US,2021-01-27 19:11:04
Cururupu,-1.8283,-44.8683,75.67,93,100,1.61,BR,2021-01-27 19:13:06
Makakilo City,21.3469,-158.0858,78.8,57,1,10.36,US,2021-01-27 19:08:23
Upernavik,72.7868,-56.1549,-5.35,91,94,6.04,GL,2021-01-27 19:13:07
Rocha,-34.4833,-54.3333,60.49,88,0,2.44,UY,2021-01-27 19:12:11
Pangnirtung,66.1451,-65.7125,4.71,67,0,3.04,CA,2021-01-27 19:13:07
Vila Velha,-20.3297,-40.2925,77.0,78,0,5.75,BR,2021-01-27 19:13:08
General Roca,-39.0333,-67.5833,68.0,37,0,14.97,AR,2021-01-27 19:13:08
Varhaug,58.6147,5.6457,17.6,93,0,2.3,NO,2021-01-27 19:13:08
Salinópolis,-0.6136,-47.3561,79.14,83,88,7.58,BR,2021-01-27 19:13:08
Kavaratti,10.5669,72.642,80.49,70,58,13.31,IN,2021-01-27 19:13:08
Sabang,5.8933,95.3214,81.68,77,89,13.96,ID,2021-01-27 19:13:08
Hashtrūd,37.4779,47.0508,22.98,81,96,1.21,IR,2021-01-27 19:13:09
Itarema,-2.9248,-39.9167,79.14,81,46,11.97,BR,2021-01-27 19:13:09
Leningradskiy,69.3833,178.4167,-17.81,87,100,2.89,RU,2021-01-27 19:13:09
Coquimbo,-29.9533,-71.3436,59.0,88,0,3.44,CL,2021-01-27 19:13:09
Haines Junction,60.7522,-137.5108,-27.4,75,59,0.63,CA,2021-01-27 19:13:10
Saint George,37.1041,-113.5841,41.0,56,75,3.44,US,2021-01-27 19:13:01
Turceni,44.6833,23.3667,28.99,86,47,7.92,RO,2021-01-27 19:13:10
Trairi,-3.2778,-39.2689,79.05,82,79,9.86,BR,2021-01-27 19:13:10
Sānchor,24.7553,71.7722,55.6,37,0,8.39,IN,2021-01-27 19:13:10
Deputatsky,69.3,139.9,-24.66,88,100,0.81,RU,2021-01-27 19:13:11
Pevek,69.7008,170.3133,-21.96,88,96,5.01,RU,2021-01-27 19:13:11
Palmer,42.1584,-72.3287,30.2,74,90,5.75,US,2021-01-27 19:13:11
Okato,-39.2,173.8833,59.0,89,94,8.01,NZ,2021-01-27 19:13:11
Barrow,71.2906,-156.7887,-7.6,71,90,3.44,US,2021-01-27 19:13:11
Pout,14.7739,-17.0603,64.4,68,0,11.5,SN,2021-01-27 19:13:12
Clyde River,70.4692,-68.5914,-16.6,76,1,3.44,CA,2021-01-27 19:13:12
Arraial do Cabo,-22.9661,-42.0278,76.96,81,100,26.35,BR,2021-01-27 19:13:12
Quesnel,52.9999,-122.5029,14.0,79,90,11.5,CA,2021-01-27 19:13:12
Tuktoyaktuk,69.4541,-133.0374,-31.0,75,1,3.44,CA,2021-01-27 19:13:13
Bathsheba,13.2167,-59.5167,78.8,69,40,18.41,BB,2021-01-27 19:13:13
Krasnosel'kup,65.7,82.4667,-40.32,81,6,2.62,RU,2021-01-27 19:13:13
Morondava,-20.2833,44.2833,80.53,79,36,2.71,MG,2021-01-27 19:12:02
Bacolod City,10.6667,122.95,84.33,69,100,14.52,PH,2021-01-27 19:13:14
Agía Triáda,38.35,22.9167,43.0,59,20,6.91,GR,2021-01-27 19:13:14
Māngrol,21.1167,70.1167,61.21,37,0,13.96,IN,2021-01-27 19:13:14
Chapleau,47.8405,-83.4034,-0.4,71,75,4.61,CA,2021-01-27 19:13:14
Marystown,47.1666,-55.1483,28.11,95,66,5.77,CA,2021-01-27 19:13:14
São João da Barra,-21.6403,-41.0511,77.32,82,0,16.46,BR,2021-01-27 19:13:15
Obo,5.3998,26.4869,75.27,40,87,3.47,CF,2021-01-27 19:13:15
Avarua,-21.2078,-159.775,86.0,66,20,16.11,CK,2021-01-27 19:13:15
Bilma,18.6853,12.9164,60.06,32,0,15.03,NE,2021-01-27 19:13:15
Kushiro,42.975,144.3747,26.6,46,75,9.22,JP,2021-01-27 19:13:16
Constantine,36.365,6.6147,50.0,93,75,2.3,DZ,2021-01-27 19:13:16
Lebu,-37.6167,-73.65,54.82,90,81,5.41,CL,2021-01-27 19:13:16
Sadasivpet,17.6212,77.9503,69.8,83,20,1.14,IN,2021-01-27 19:13:16
Pizarro,4.9533,-77.366,76.69,88,99,5.08,CO,2021-01-27 19:13:16
Thompson,55.7435,-97.8558,-23.8,76,1,2.17,CA,2021-01-27 19:13:17
Antalaha,-14.9003,50.2788,75.34,85,0,3.29,MG,2021-01-27 19:11:21
Naviraí,-23.065,-54.1906,73.35,88,97,6.33,BR,2021-01-27 19:08:59
Jumla,29.2747,82.1838,43.43,28,0,4.41,NP,2021-01-27 19:13:17
Frunze,48.6686,38.7544,35.58,91,100,12.46,UA,2021-01-27 19:13:17
Omsukchan,62.5333,155.8,-30.62,80,100,6.55,RU,2021-01-27 19:13:18
Pierre,44.3683,-100.351,15.8,79,1,13.8,US,2021-01-27 19:13:14
Birao,10.2849,22.7882,70.54,22,7,5.93,CF,2021-01-27 19:13:18
Naze,28.3667,129.4833,66.2,59,20,9.22,JP,2021-01-27 19:13:18
Lavrentiya,65.5833,-171.0,-0.96,88,98,17.9,RU,2021-01-27 19:12:07
Port-Gentil,-0.7193,8.7815,78.46,83,100,9.26,GA,2021-01-27 19:13:19
Mogadishu,2.0371,45.3438,75.58,85,100,15.01,SO,2021-01-27 19:12:27
Marawi,7.9986,124.2928,82.0,72,44,1.99,PH,2021-01-27 19:12:28
Muros,42.7762,-9.0603,57.0,94,100,5.01,ES,2021-01-27 19:08:28
Los Llanos de Aridane,28.6585,-17.9182,64.0,88,40,8.05,ES,2021-01-27 19:13:19
Aksu,41.1231,80.2644,20.08,81,0,1.99,CN,2021-01-27 19:13:20
Ha Tinh,18.3333,105.9,70.41,83,100,8.41,VN,2021-01-27 19:13:20
Mackay,-21.15,149.2,87.01,65,75,18.41,AU,2021-01-27 19:13:20
Changanācheri,9.4667,76.55,73.47,66,4,2.57,IN,2021-01-27 19:13:20
Boguchany,58.3814,97.4531,-20.78,83,100,9.19,RU,2021-01-27 19:13:20
Chui,-33.6971,-53.4616,65.95,89,8,5.41,UY,2021-01-27 19:13:21
Acará,-1.9608,-48.1967,73.62,98,97,2.42,BR,2021-01-27 19:13:21
Talnakh,69.4865,88.3972,-32.19,82,0,1.25,RU,2021-01-27 19:13:21
Magadan,59.5667,150.8,-9.08,81,0,8.23,RU,2021-01-27 19:13:21
Mar del Plata,-38.0023,-57.5575,66.99,68,0,6.91,AR,2021-01-27 19:10:29
Okhotsk,59.3833,143.3,-4.72,81,57,13.11,RU,2021-01-27 19:13:21
Loutrós,40.5883,22.3994,36.0,52,77,2.82,GR,2021-01-27 19:13:22
Matara,5.9485,80.5353,78.76,72,32,3.15,LK,2021-01-27 19:13:22
Contai,21.7786,87.7536,66.54,30,0,8.66,IN,2021-01-27 19:13:19
Oksbøl,55.6268,8.2876,30.99,93,15,3.44,DK,2021-01-27 19:13:22
Saldanha,-33.0117,17.9442,57.2,77,0,5.75,ZA,2021-01-27 19:12:14
Lüderitz,-26.6481,15.1594,65.41,60,0,24.49,NA,2021-01-27 19:13:23
Verāval,20.9,70.3667,64.33,32,0,13.15,IN,2021-01-27 19:12:05
Da Lat,11.9465,108.4419,72.57,45,22,4.21,VN,2021-01-27 19:13:23
Havøysund,70.9963,24.6622,21.2,68,20,14.97,NO,2021-01-27 19:13:23
Beringovskiy,63.05,179.3167,16.07,96,100,23.8,RU,2021-01-27 19:13:24
Iqaluit,63.7506,-68.5145,-2.2,65,1,19.57,CA,2021-01-27 19:13:24
Atasū,48.6814,71.6433,11.17,96,66,4.0,KZ,2021-01-27 19:13:24
Darnah,32.767,22.6367,52.21,63,90,13.27,LY,2021-01-27 19:13:24
Bestöbe,52.4994,73.0975,15.69,95,2,12.46,KZ,2021-01-27 19:13:24
Beloha,-25.1667,45.05,77.05,76,0,9.1,MG,2021-01-27 19:13:25
Ixtapa,20.7,-105.2,69.01,88,1,1.43,MX,2021-01-27 19:13:25
Cikupa,-6.2364,106.5083,80.6,78,20,12.66,ID,2021-01-27 19:13:25
Fortuna,40.5982,-124.1573,46.99,100,90,8.05,US,2021-01-27 19:13:25
Kaeo,-35.1,173.7833,79.88,47,1,10.92,NZ,2021-01-27 19:13:26
Viedma,-40.8135,-62.9967,61.5,61,23,8.48,AR,2021-01-27 19:13:26
Blovice,49.5822,13.5401,34.0,100,90,6.91,CZ,2021-01-27 19:13:26
Comodoro Rivadavia,-45.8667,-67.5,57.2,67,75,9.22,AR,2021-01-27 19:13:26
Chokurdakh,70.6333,147.9167,-13.83,90,100,9.93,RU,2021-01-27 19:11:56
Caravelas,-17.7125,-39.2481,74.98,86,100,4.68,BR,2021-01-27 19:13:27
Evensk,61.95,159.2333,-5.19,85,100,12.48,RU,2021-01-27 19:13:27
Esim,4.8699,-2.2405,77.2,90,0,5.75,GH,2021-01-27 19:12:10
Dingle,10.9995,122.6711,81.82,80,100,13.94,PH,2021-01-27 19:13:27
Kadnikov,59.5022,40.338,25.81,98,100,5.37,RU,2021-01-27 19:13:28
Olafsvik,64.8945,-23.7142,29.84,86,28,11.63,IS,2021-01-27 19:12:03
Pandua,23.0833,88.2833,55.4,94,20,5.75,IN,2021-01-27 19:13:28
Camacha,33.0833,-16.3333,60.8,94,90,9.22,PT,2021-01-27 19:13:28
The Pas,53.8251,-101.2541,-7.6,71,1,10.36,CA,2021-01-27 19:13:29
Kruisfontein,-34.0033,24.7314,57.0,93,46,1.01,ZA,2021-01-27 19:13:29
Chisindia,46.2833,22.1,23.0,100,40,5.75,RO,2021-01-27 19:13:29
Kefamenanu,-9.4467,124.4781,82.81,68,100,10.2,ID,2021-01-27 19:13:29
Port Alfred,-33.5906,26.891,63.41,75,25,8.03,ZA,2021-01-27 19:13:29
Yulara,-25.2406,130.9889,86.0,48,75,9.22,AU,2021-01-27 19:13:30
Wilmington,34.2257,-77.9447,48.99,93,90,9.22,US,2021-01-27 19:13:29
Andenes,69.3143,16.1194,28.4,59,90,21.85,NO,2021-01-27 19:13:30
East London,-33.0153,27.9116,62.6,94,75,9.22,ZA,2021-01-27 19:13:30
Flin Flon,54.7682,-101.865,-13.23,89,0,6.53,CA,2021-01-27 19:09:45
Sitka,57.0531,-135.33,26.6,54,1,5.75,US,2021-01-27 19:13:31
‘Ewa Beach,21.3156,-158.0072,78.8,57,1,10.36,US,2021-01-27 19:12:27
Mehrān,33.1222,46.1646,42.8,45,0,4.61,IR,2021-01-27 19:13:31
Vilela,41.2251,-7.6034,54.0,9,99,2.62,PT,2021-01-27 19:13:31
Livingston,55.9029,-3.5226,37.99,87,75,11.5,GB,2021-01-27 19:13:31
Jacksonville,30.3322,-81.6556,62.6,100,90,6.91,US,2021-01-27 19:13:11
Port Lincoln,-34.7333,135.8667,65.01,81,100,6.51,AU,2021-01-27 19:12:07
Ponta do Sol,32.6667,-17.1,60.01,78,52,1.01,PT,2021-01-27 19:13:32
Manakara,-22.1333,48.0167,75.25,94,31,5.91,MG,2021-01-27 19:13:32
Calvinia,-31.4707,19.776,55.4,62,0,6.91,ZA,2021-01-27 19:13:33
Gallup,35.5281,-108.7426,25.0,79,1,2.53,US,2021-01-27 19:10:18
Kismayo,-0.3582,42.5454,76.28,86,44,13.47,SO,2021-01-27 19:13:33
Qasigiannguit,68.8193,-51.1922,-0.4,60,0,5.75,GL,2021-01-27 19:13:33
Cayenne,4.9333,-52.3333,78.8,78,75,8.05,GF,2021-01-27 19:12:22
Qax,41.4225,46.9242,33.8,80,75,4.61,AZ,2021-01-27 19:13:34
China,25.7,-99.2333,61.34,31,100,8.57,MX,2021-01-27 19:08:53
Gladstone,-23.85,151.25,86.0,48,75,18.41,AU,2021-01-27 19:13:34
Narón,43.5167,-8.1528,60.01,82,90,12.66,ES,2021-01-27 19:13:34
Benjamin Constant,-4.3831,-70.0311,75.2,100,90,0.6,BR,2021-01-27 19:13:34
Ellisras,-23.6649,27.7443,71.76,82,93,7.85,ZA,2021-01-27 19:13:35
Preobrazheniye,42.9019,133.9064,22.21,91,100,12.73,RU,2021-01-27 19:13:35
Dul'durga,50.6761,113.5931,-13.63,78,19,3.51,RU,2021-01-27 19:13:35
Udachny,66.4167,112.4,-38.58,79,9,2.33,RU,2021-01-27 19:13:35
Riyadh,24.6877,46.7219,59.0,33,0,5.75,SA,2021-01-27 19:13:36
Lethem,3.3803,-59.7968,78.21,69,87,13.09,GY,2021-01-27 19:13:36
Alofi,-19.0595,-169.9187,75.2,79,90,10.36,NU,2021-01-27 19:13:36
Nabire,-3.3667,135.4833,85.57,68,97,3.56,ID,2021-01-27 19:13:36
Kasempa,-13.4584,25.8338,62.85,91,98,2.66,ZM,2021-01-27 19:13:36
Afzalpur,17.2,76.35,71.53,59,12,7.9,IN,2021-01-27 19:13:37
Vostok,46.4856,135.8833,5.45,84,1,1.66,RU,2021-01-27 19:13:37
Monastyrshchina,54.3496,31.838,24.62,98,100,2.51,RU,2021-01-27 19:13:37
Atagay,55.1033,99.3875,7.39,86,69,13.33,RU,2021-01-27 19:13:37
Magistral'nyy,56.1725,107.4458,-18.99,85,100,5.59,RU,2021-01-27 19:13:37
Hong Kong,22.2855,114.1577,68.0,67,2,3.0,HK,2021-01-27 19:13:38
Santa Inês,-3.6667,-45.38,74.57,96,100,2.51,BR,2021-01-27 19:13:38
Cabra,37.4725,-4.4421,46.4,100,90,1.14,ES,2021-01-27 19:13:38
Lorengau,-2.0226,147.2712,84.27,76,95,10.04,PG,2021-01-27 19:13:38
Hirara,24.8,125.2833,68.0,63,75,12.66,JP,2021-01-27 19:13:38
Broome,42.2506,-75.833,19.99,86,90,8.05,US,2021-01-27 19:13:39
Port Hardy,50.6996,-127.4199,37.4,93,90,12.66,CA,2021-01-27 19:13:39
Sambava,-14.2667,50.1667,75.42,90,10,4.09,MG,2021-01-27 19:13:39
Tura,25.5198,90.2201,68.29,50,0,1.3,IN,2021-01-27 19:11:54
San Juan de los Morros,9.9115,-67.3538,68.34,80,100,5.03,VE,2021-01-27 19:13:40
Aberdeen,57.1437,-2.0981,33.01,93,20,1.14,GB,2021-01-27 19:13:40
Goulburn,-34.75,149.7167,61.0,85,99,3.0,AU,2021-01-27 19:13:40
Alekseyevka,50.6309,38.6903,35.2,91,100,14.38,RU,2021-01-27 19:13:40
Thinadhoo,0.5333,72.9333,81.28,77,55,19.3,MV,2021-01-27 19:11:59
Saint-Louis,16.3333,-15.0,70.74,17,0,11.34,SN,2021-01-27 19:13:41
Teodoro Sampaio,-22.5325,-52.1675,73.56,88,100,3.58,BR,2021-01-27 19:13:41
Rancho Palos Verdes,33.7445,-118.387,55.0,76,40,6.91,US,2021-01-27 19:11:01
Dibulla,11.2725,-73.3091,76.53,77,68,10.33,CO,2021-01-27 19:13:41
La Ronge,55.1001,-105.2842,-4.0,71,28,8.05,CA,2021-01-27 19:13:41
Atkinson,42.8384,-71.147,33.01,89,98,1.01,US,2021-01-27 19:13:41
Oranjemund,-28.55,16.4333,59.76,88,5,15.28,NA,2021-01-27 19:13:42
Kinsale,51.7075,-8.5306,51.8,87,75,16.11,IE,2021-01-27 19:13:42
Hasaki,35.7333,140.8333,48.2,57,75,18.41,JP,2021-01-27 19:09:03
Payo,-3.7508,103.6372,74.1,94,100,1.21,ID,2021-01-27 19:13:42
Grong,64.4654,12.3149,21.09,95,100,3.24,NO,2021-01-27 19:13:42
Arrondissement de Vire,48.9167,-0.8333,53.6,94,90,16.11,FR,2021-01-27 19:13:43
Diamantino,-14.4086,-56.4461,73.17,89,93,1.59,BR,2021-01-27 19:13:43
Daru,-9.0763,143.2092,89.67,61,100,9.64,PG,2021-01-27 19:13:44
Itoman,26.1247,127.6694,66.2,59,75,18.41,JP,2021-01-27 19:13:14
Sicuani,-14.2694,-71.2261,48.22,73,100,4.99,PE,2021-01-27 19:13:44
Glendive,47.1053,-104.7125,16.0,92,1,4.61,US,2021-01-27 19:13:44
Tombouctou,20.0,-3.0,64.36,28,0,14.5,ML,2021-01-27 19:13:45
Petropavlovsk-Kamchatskiy,53.0452,158.6483,15.8,53,98,2.24,RU,2021-01-27 19:13:08
Lodja,-3.4833,23.4333,67.62,98,100,1.43,CD,2021-01-27 19:12:31
Samarai,-10.6167,150.6667,82.65,76,86,1.86,PG,2021-01-27 19:13:45
Tezu,27.9167,96.1667,70.99,20,0,1.34,IN,2021-01-27 19:13:45
Bowen,-20.0167,148.2333,84.2,65,75,16.11,AU,2021-01-27 19:12:13
Yeppoon,-23.1333,150.7333,89.6,45,40,13.8,AU,2021-01-27 19:13:46
Te Anau,-45.4167,167.7167,52.79,58,66,8.79,NZ,2021-01-27 19:13:46
Nchelenge,-9.3451,28.734,67.78,83,58,3.71,ZM,2021-01-27 19:13:47
Mollendo,-17.0231,-72.0147,69.55,77,40,5.21,PE,2021-01-27 19:13:47
Nushki,29.5542,66.0215,38.26,56,0,0.69,PK,2021-01-27 19:13:47
Neuquén,-38.9516,-68.0591,68.0,37,0,14.97,AR,2021-01-27 19:10:20
Balashov,51.5502,43.1667,26.44,97,100,13.02,RU,2021-01-27 19:13:47
Dalbandin,28.8947,64.4101,41.07,47,0,4.94,PK,2021-01-27 19:13:48
Asău,46.4333,26.4,34.0,60,90,17.27,RO,2021-01-27 19:13:48
Peterhead,57.5058,-1.7981,33.01,93,20,1.14,GB,2021-01-27 19:13:48
Al Bardīyah,31.7561,25.0865,51.51,65,100,18.28,LY,2021-01-27 19:13:48
Kitimat,54.0524,-128.6534,24.8,54,40,12.66,CA,2021-01-27 19:13:48
Mayor Pablo Lagerenza,-19.9309,-60.7718,76.86,83,72,10.18,PY,2021-01-27 19:13:49
Jodhpur,26.2867,73.03,53.71,39,0,8.28,IN,2021-01-27 19:13:49
Tsabong,-26.0217,22.401,70.14,39,26,2.64,BW,2021-01-27 19:13:49
Torrington,41.8007,-73.1212,28.0,88,13,3.0,US,2021-01-27 19:13:49
Price,39.5994,-110.8107,23.0,86,90,3.44,US,2021-01-27 19:13:50
San Patricio,28.017,-97.5169,62.6,31,1,9.22,US,2021-01-27 19:12:11
Esperance,-33.8667,121.9,69.8,60,90,11.5,AU,2021-01-27 19:13:50
Zenzeli,45.9241,47.0474,33.21,90,100,18.97,RU,2021-01-27 19:13:50
Tiznit Province,29.5833,-9.5,61.93,38,0,2.46,MA,2021-01-27 19:13:50
Beloit,42.5084,-89.0318,10.0,92,1,7.52,US,2021-01-27 19:12:05
Ust-Tsilma,65.441,52.1498,4.44,94,100,5.75,RU,2021-01-27 19:13:51
Klaksvík,62.2266,-6.589,28.4,74,20,9.22,FO,2021-01-27 19:13:51
Porto Torres,40.835,8.3972,57.2,82,20,5.75,IT,2021-01-27 19:12:47
Roald,62.5833,6.1333,32.0,86,75,12.66,NO,2021-01-27 19:13:51
Basco,20.4487,121.9702,73.53,74,29,13.65,PH,2021-01-27 19:11:54
Hudson Bay,52.85,-102.3842,-9.85,89,34,1.5,CA,2021-01-27 19:13:52
Flinders,-34.5833,150.8552,73.99,66,97,3.0,AU,2021-01-27 19:13:52
Goderich,43.7501,-81.7165,23.0,74,98,16.11,CA,2021-01-27 19:13:52
Lagoa,39.05,-27.9833,59.65,79,3,24.11,PT,2021-01-27 19:11:53
Vardø,70.3705,31.1107,24.84,93,100,22.24,NO,2021-01-27 19:13:52
Severnoye,56.3491,78.3619,14.77,97,100,5.17,RU,2021-01-27 19:13:53
Paraíso,9.8383,-83.8656,71.6,68,0,11.5,CR,2021-01-27 19:13:53
Zhurivka,50.5028,31.7849,30.2,86,75,13.42,UA,2021-01-27 19:13:53
Half Moon Bay,37.4636,-122.4286,50.0,81,90,4.61,US,2021-01-27 19:11:54
Sittwe,20.15,92.9,70.25,44,0,4.68,MM,2021-01-27 19:13:53
Venado Tuerto,-33.7456,-61.9688,73.0,78,10,1.99,AR,2021-01-27 19:13:54
Erenhot,43.6475,111.9767,-4.23,81,0,10.6,CN,2021-01-27 19:13:54
Saint-Philippe,-21.3585,55.7679,80.6,57,20,4.61,RE,2021-01-27 19:13:54
Kysyl-Syr,63.8986,122.7617,-42.39,80,100,1.59,RU,2021-01-27 19:13:54
Suphan Buri,14.4742,100.1222,84.0,69,0,3.0,TH,2021-01-27 19:13:55
Puerto Escondido,15.85,-97.0667,78.8,78,20,4.36,MX,2021-01-27 19:09:34
Baft,29.234,56.6057,34.25,54,0,2.84,IR,2021-01-27 19:13:56
Venice,27.0998,-82.4543,70.0,100,90,8.05,US,2021-01-27 19:12:18
Narasaraopet,16.25,80.0667,73.13,79,2,3.22,IN,2021-01-27 19:13:56
Kaa-Khem,51.6833,94.7333,5.74,91,100,1.66,RU,2021-01-27 19:13:57
Rosice,49.1823,16.3879,28.99,86,42,3.44,CZ,2021-01-27 19:13:57
Thanh Hoa,19.8,105.7667,67.71,84,100,6.89,VN,2021-01-27 19:13:57
Ouango,4.3133,22.5552,69.67,86,100,3.31,CF,2021-01-27 19:13:57
Jinka,5.65,36.65,62.67,41,70,2.75,ET,2021-01-27 19:13:58
Vilhena,-12.7406,-60.1458,68.29,100,100,1.16,BR,2021-01-27 19:10:20
Tvøroyri,61.5556,-6.8111,28.4,74,20,9.22,FO,2021-01-27 19:13:58
Yar-Sale,66.8333,70.8333,-32.22,83,100,8.79,RU,2021-01-27 19:13:58
Acapulco de Juárez,16.8634,-99.8901,77.0,83,75,3.29,MX,2021-01-27 19:12:23
Khorramshahr,30.4397,48.1664,53.6,76,100,4.61,IR,2021-01-27 19:13:59
Phang Nga,8.4509,98.5298,82.4,69,20,11.5,TH,2021-01-27 19:13:59
Warri,5.5167,5.75,77.97,90,73,1.72,NG,2021-01-27 19:13:59
Brewster,41.3973,-73.6171,28.4,69,90,9.22,US,2021-01-27 19:14:00
Jijiga,9.35,42.8,53.37,43,0,3.65,ET,2021-01-27 19:14:00
Zhmerynka,49.037,28.112,30.0,89,100,17.11,UA,2021-01-27 19:14:00
Kojori,41.6594,44.7025,35.6,64,0,8.05,GE,2021-01-27 19:14:01
Moerai,-22.4333,-151.3333,81.01,76,82,16.91,PF,2021-01-27 19:14:01
Toyooka,35.5333,134.8333,46.4,66,75,2.3,JP,2021-01-27 19:14:01
Balakovo,52.0278,47.8007,17.22,97,100,7.76,RU,2021-01-27 19:14:01
Tilichiki,60.4667,166.1,-6.32,90,82,6.06,RU,2021-01-27 19:12:15
Yerbogachën,61.2767,108.0108,-37.26,80,86,6.51,RU,2021-01-27 19:14:02
Nizhnyaya Poyma,56.1622,97.1933,-9.31,86,80,10.71,RU,2021-01-27 19:14:02
Aykhal,66.0,111.5,-33.09,75,16,3.67,RU,2021-01-27 19:14:02
Waipawa,-41.4122,175.5153,71.6,64,26,17.27,NZ,2021-01-27 19:14:02
Isangel,-19.55,169.2667,84.2,73,100,18.01,VU,2021-01-27 19:12:23
Volchanets,42.9131,132.7469,23.67,95,100,18.9,RU,2021-01-27 19:14:03
Kudahuvadhoo,2.6708,72.8944,79.99,70,67,14.94,MV,2021-01-27 19:14:03
Kieta,-6.2167,155.6333,87.28,67,95,13.0,PG,2021-01-27 19:14:03
Yantal',56.8471,105.2542,-15.97,85,100,6.02,RU,2021-01-27 19:14:04
Kinkala,-4.3614,14.7644,73.4,88,100,3.44,CG,2021-01-27 19:11:12
Mezen',65.8522,44.24,4.57,94,99,7.23,RU,2021-01-27 19:14:04
Massa Marittima,43.049,10.8928,46.0,61,9,2.04,IT,2021-01-27 19:14:04
Davila,18.4726,120.5763,82.4,65,40,6.91,PH,2021-01-27 19:14:05
Tiarei,-17.5333,-149.3333,86.0,62,40,5.75,PF,2021-01-27 19:14:05
Faanui,-16.4833,-151.75,81.64,70,56,10.96,PF,2021-01-27 19:14:05
Launceston,-41.45,147.1667,72.0,39,40,9.22,AU,2021-01-27 19:14:05
Kalmunai,7.4167,81.8167,77.47,79,64,10.78,LK,2021-01-27 19:14:05
Saint-Pierre,-21.3393,55.4781,80.6,57,20,4.61,RE,2021-01-27 19:12:23
Rawson,-43.3002,-65.1023,62.17,53,30,12.82,AR,2021-01-27 19:14:06
Khoy,38.5504,44.9535,32.18,90,97,4.23,IR,2021-01-27 19:14:06
Bahía Honda,22.9036,-83.1592,72.79,84,9,3.31,CU,2021-01-27 19:14:06
Tadine,-21.55,167.8833,82.56,77,95,18.23,NC,2021-01-27 19:12:09
Berlevåg,70.8578,29.0864,24.53,92,100,20.0,NO,2021-01-27 19:14:06
Baghmara,23.795,86.2085,61.92,41,0,3.65,IN,2021-01-27 19:14:07
Cereté,8.8848,-75.7905,78.04,80,100,5.23,CO,2021-01-27 19:14:07
Chake Chake,-5.2459,39.7666,79.02,79,100,7.58,TZ,2021-01-27 19:14:07
Dzhebariki-Khaya,62.2167,135.8,-46.01,74,73,0.56,RU,2021-01-27 19:14:07
Arrondissement de Limoges,45.75,1.3333,50.0,100,90,10.36,FR,2021-01-27 19:14:07
Honningsvåg,70.9821,25.9704,26.73,91,100,22.32,NO,2021-01-27 19:14:08
Esqueda,30.7167,-109.5833,41.47,65,100,6.58,MX,2021-01-27 19:14:08
Barcelona,41.3888,2.159,54.0,87,0,6.91,ES,2021-01-27 19:12:02
Plettenberg Bay,-34.0527,23.3716,62.67,77,70,2.48,ZA,2021-01-27 19:14:08
Nacala,-14.5428,40.6728,76.68,89,87,4.41,MZ,2021-01-27 19:14:08
Rovnoye,50.7765,46.0509,23.47,97,100,11.9,RU,2021-01-27 19:14:09
Kondinskoye,59.6481,67.41,19.69,97,100,10.87,RU,2021-01-27 19:14:09
Inta,66.0317,60.1659,-1.32,93,100,15.03,RU,2021-01-27 19:14:09
Lyudinovo,53.8664,34.4478,27.54,98,100,7.05,RU,2021-01-27 19:14:09
Ilebo,-4.3167,20.5833,71.01,96,100,1.1,CD,2021-01-27 19:14:09
Atbasar,51.8,68.3333,16.54,98,51,7.23,KZ,2021-01-27 19:14:10
Vila Franca do Campo,37.7167,-25.4333,62.01,94,75,14.97,PT,2021-01-27 19:14:10
Laas,46.6166,10.7002,23.0,93,20,3.44,IT,2021-01-27 19:14:10
Vao,-22.6667,167.4833,78.39,86,99,21.27,NC,2021-01-27 19:14:10
Durant,33.994,-96.3708,35.6,75,1,6.91,US,2021-01-27 19:14:11
Baykal'sk,51.5058,104.1469,10.62,87,100,0.78,RU,2021-01-27 19:14:11
Afuá,-0.1567,-50.3867,76.1,91,100,5.28,BR,2021-01-27 19:11:11
Saint-Augustin,51.226,-58.6502,10.69,91,0,12.3,CA,2021-01-27 19:14:11
Namtsy,62.7161,129.6658,-49.0,59,62,0.89,RU,2021-01-27 19:14:12
Lompoc,34.6391,-120.4579,53.6,82,90,17.27,US,2021-01-27 19:14:12
Vanimo,-2.6741,141.3028,84.85,71,95,10.71,PG,2021-01-27 19:14:12
Guatire,10.4762,-66.5427,78.8,78,20,1.77,VE,2021-01-27 19:14:12
Sivaki,52.6333,126.75,-20.49,86,100,9.17,RU,2021-01-27 19:14:12
Fukumitsu,36.55,136.8667,45.0,75,75,2.3,JP,2021-01-27 19:14:13
Ekhabi,53.5102,142.9671,8.76,95,100,14.45,RU,2021-01-27 19:14:13
Vila,42.0304,-8.1588,53.01,96,100,5.48,PT,2021-01-27 19:14:13
Touros,-5.1989,-35.4608,78.8,78,40,6.91,BR,2021-01-27 19:14:13
Mosquera,4.7059,-74.2302,50.0,93,99,2.3,CO,2021-01-27 19:12:00
Luganville,-15.5333,167.1667,78.73,85,100,6.44,VU,2021-01-27 19:14:14
Tuatapere,-46.1333,167.6833,53.01,68,82,21.0,NZ,2021-01-27 19:14:14
Belaya Gora,68.5333,146.4167,-24.52,86,100,5.39,RU,2021-01-27 19:14:14
Inuvik,68.3499,-133.7218,-20.2,76,93,5.75,CA,2021-01-27 19:14:15
Barentu,15.1139,37.5928,59.43,80,7,1.79,ER,2021-01-27 19:14:15
Cheney,47.4874,-117.5758,36.0,100,90,8.05,US,2021-01-27 19:09:29
Gonaïves,19.45,-72.6833,72.57,79,0,5.97,HT,2021-01-27 19:11:26
Philadelphia,39.9523,-75.1638,33.8,55,90,16.11,US,2021-01-27 19:12:51
Shelburne,44.0787,-80.2041,15.8,86,90,4.61,CA,2021-01-27 19:14:15
Mier,26.4333,-99.15,62.6,23,1,4.61,MX,2021-01-27 19:14:16
Bilibino,68.0546,166.4372,-12.59,84,100,7.09,RU,2021-01-27 19:14:16
Ilhabela,-23.7781,-45.3581,78.26,79,100,3.89,BR,2021-01-27 19:14:16
Tsumeb,-19.2333,17.7167,68.0,83,75,3.44,NA,2021-01-27 19:14:17
Mossamedes,-15.1961,12.1522,72.07,82,97,7.4,AO,2021-01-27 19:11:52
Coyhaique,-45.5752,-72.0662,53.6,50,0,6.91,CL,2021-01-27 19:14:17
Nemuro,43.3236,145.575,23.0,58,75,1.14,JP,2021-01-27 19:14:17
Tokur,53.1333,132.9,-15.5,87,100,0.85,RU,2021-01-27 19:12:07
Demyansk,57.643,32.466,28.54,98,98,3.69,RU,2021-01-27 19:14:18
Pleasanton,37.6624,-121.8747,48.0,81,90,5.75,US,2021-01-27 19:14:18
Salalah,17.0151,54.0924,66.2,37,0,1.14,OM,2021-01-27 19:14:18
São Filipe,14.8961,-24.4956,72.9,69,29,4.61,CV,2021-01-27 19:12:13
Biabou,13.2,-61.1333,78.8,73,20,13.8,VC,2021-01-27 19:14:18
Awjilah,29.1081,21.2869,47.05,74,14,7.76,LY,2021-01-27 19:14:18
Kirakira,-10.4544,161.9205,83.71,78,94,13.44,SB,2021-01-27 19:14:19
Kamaishi,39.2667,141.8833,30.2,69,0,3.44,JP,2021-01-27 19:12:17
Cabedelo,-6.9811,-34.8339,78.8,83,20,6.91,BR,2021-01-27 19:14:19
Qaqortoq,60.7167,-46.0333,39.2,33,75,19.57,GL,2021-01-27 19:14:19
Xiangxiang,27.7333,112.5333,52.61,53,0,8.03,CN,2021-01-27 19:14:19
Rafrāf,37.1904,10.1837,59.0,72,75,14.97,TN,2021-01-27 19:14:20
Corpus Christi,27.8006,-97.3964,64.0,34,75,13.8,US,2021-01-27 19:13:01
Bundaberg,-24.85,152.35,88.0,45,40,20.71,AU,2021-01-27 19:14:20
Mata,40.683,-7.4592,48.0,85,92,14.0,PT,2021-01-27 19:14:20
Mpanda,-6.3655,31.0409,62.8,94,91,0.69,TZ,2021-01-27 19:14:20
Eufaula,31.8913,-85.1455,55.4,67,1,6.91,US,2021-01-27 19:12:36
Kokoda,-8.8785,147.7407,79.39,71,100,2.93,PG,2021-01-27 19:14:21
Ashquelon,31.6693,34.5715,60.01,100,68,14.2,IL,2021-01-27 19:14:21
Skjervøy,70.0311,20.9714,23.47,89,100,22.39,NO,2021-01-27 19:14:21
Lingao,19.9103,109.6859,70.74,67,1,11.72,CN,2021-01-27 19:14:22
Bontang,0.1333,117.5,81.91,79,94,5.82,ID,2021-01-27 19:14:22
Necochea,-38.5473,-58.7368,64.0,62,90,1.99,AR,2021-01-27 19:14:22
Geraldton,-28.7667,114.6,80.6,32,0,20.71,AU,2021-01-27 19:14:22
Funtua,11.5233,7.3081,63.66,22,23,11.41,NG,2021-01-27 19:14:22
Gazimurskiy Zavod,51.5461,118.3266,-15.84,81,21,2.57,RU,2021-01-27 19:14:23
Pauini,-7.7136,-66.9764,74.07,96,100,2.44,BR,2021-01-27 19:14:23
Saint-Nazaire,47.2833,-2.2,53.6,100,90,19.57,FR,2021-01-27 19:14:23
Walvis Bay,-22.9575,14.5053,68.0,88,0,8.05,NA,2021-01-27 19:14:23
Santa Isabel Rio Negro,-0.4139,-65.0192,75.49,82,22,1.68,BR,2021-01-27 19:14:24
Nanga Eboko,4.6833,12.3667,69.67,91,99,4.18,CM,2021-01-27 19:13:17
Yumen,40.2833,97.2,27.81,59,0,7.29,CN,2021-01-27 19:14:24
Jiuquan,39.7432,98.5174,26.4,77,0,3.58,CN,2021-01-27 19:14:24
Alenquer,-1.9417,-54.7383,77.0,94,75,4.61,BR,2021-01-27 19:14:25
Sobolevo,54.4299,31.8996,24.39,98,100,2.53,RU,2021-01-27 19:14:25
Nishihara,26.1842,127.7558,66.2,48,90,11.5,JP,2021-01-27 19:14:25
Roverud,60.2521,12.055,8.6,92,20,3.44,NO,2021-01-27 19:14:25
Torres,-29.3353,-49.7269,73.35,92,92,3.76,BR,2021-01-27 19:14:25
Solwezi,-12.1688,26.3894,60.39,97,100,2.84,ZM,2021-01-27 19:14:26
Nioro,13.35,-15.75,68.47,19,0,3.47,GM,2021-01-27 19:14:26
Chicama,-7.8447,-79.1469,72.28,73,100,7.18,PE,2021-01-27 19:14:26
Ternate,0.8,127.4,82.36,74,96,7.07,ID,2021-01-27 19:14:26
Ocampo,21.65,-101.5,50.67,84,99,20.15,MX,2021-01-27 19:14:26
Port Hedland,-20.3167,118.5667,93.2,62,0,9.22,AU,2021-01-27 19:12:01
Shubarkuduk,49.1447,56.4872,11.82,92,0,14.61,KZ,2021-01-27 19:14:27
Hobyo,5.3505,48.5268,76.55,69,92,20.29,SO,2021-01-27 19:12:14
Mount Gambier,-37.8333,140.7667,82.4,36,100,9.22,AU,2021-01-27 19:12:01
Zhigansk,66.7697,123.3711,-47.79,76,70,5.66,RU,2021-01-27 19:14:27
Samsun Province,41.25,36.3333,51.8,58,75,23.02,TR,2021-01-27 19:14:28
Mazatlán,23.2167,-106.4167,64.0,77,40,5.75,MX,2021-01-27 19:11:43
Vanavara,60.34,102.2797,-19.23,86,100,11.34,RU,2021-01-27 19:14:28
Namatanai,-3.6667,152.4333,86.65,66,100,9.33,PG,2021-01-27 19:14:28
Talcahuano,-36.7167,-73.1167,57.2,88,75,10.36,CL,2021-01-27 19:14:28
Bac Lieu,9.285,105.7244,81.59,68,96,17.76,VN,2021-01-27 19:14:29
Caluquembe,-13.7833,14.6833,55.27,78,95,2.37,AO,2021-01-27 19:14:29
Palma Soriano,20.2172,-75.9989,73.4,88,20,5.75,CU,2021-01-27 19:14:29
Iquitos,-3.7481,-73.2472,77.0,88,40,1.14,PE,2021-01-27 19:09:47
Atar,20.5169,-13.0499,66.2,24,0,9.66,MR,2021-01-27 19:14:30
Amahai,-3.3333,128.9167,87.91,62,95,6.13,ID,2021-01-27 19:14:30
Paamiut,61.994,-49.6678,30.7,84,82,8.93,GL,2021-01-27 19:14:30
Santa Lucía,27.9117,-15.5407,62.6,88,20,10.36,ES,2021-01-27 19:14:30
Burnie,-41.0667,145.9167,62.01,51,67,15.99,AU,2021-01-27 19:14:30
Dhamtari,20.7072,81.5497,64.4,72,100,6.91,IN,2021-01-27 19:14:31
Bairiki Village,1.3292,172.9752,84.2,74,20,13.8,KI,2021-01-27 19:12:28
Harper,4.375,-7.7169,77.76,88,10,6.91,LR,2021-01-27 19:14:31
Olinda,-8.0089,-34.8553,78.8,69,75,8.05,BR,2021-01-27 19:14:31
Belen,36.4891,36.2233,44.6,100,75,2.3,TR,2021-01-27 19:14:32
Nova Borova,50.693,28.6345,28.47,98,100,11.92,UA,2021-01-27 19:10:10
Labuhan,-6.8844,112.2051,82.85,76,100,7.99,ID,2021-01-27 19:14:32
Bull Savanna,17.8868,-77.5902,72.7,84,9,6.02,JM,2021-01-27 19:14:32
Qui Nhon,13.7667,109.2333,73.99,76,83,19.69,VN,2021-01-27 19:12:40
Ulaangom,49.9811,92.0667,-11.27,88,91,0.94,MN,2021-01-27 19:14:33
Tynda,55.1667,124.7167,-30.95,76,96,4.27,RU,2021-01-27 19:14:33
Mangan,27.5167,88.5333,61.02,29,0,3.44,IN,2021-01-27 19:14:33
Shestakovo,56.4915,103.96,-6.77,87,100,8.99,RU,2021-01-27 19:14:33
Ocós,14.5094,-92.1933,75.2,94,1,5.1,GT,2021-01-27 19:14:34
Meulaboh,4.1363,96.1285,82.96,67,99,2.84,ID,2021-01-27 19:13:13
Malanje,-9.5402,16.341,61.79,99,99,2.73,AO,2021-01-27 19:14:34
Oxapampa,-10.5775,-75.4017,61.03,91,100,0.96,PE,2021-01-27 19:14:34
